index,Rented Bike Count,Hour,Temperature,Humidity,Wind speed,Visibility,Dew point temperature,Radiation,Rainfall,Snowfall,Holiday,Functioning Day,Year,Month,Day,Weekday
mean,707.7775603392042,11.501304631441618,12.89939660795825,58.350945857795175,1.7260600130463146,1429.722602739726,4.1194553163731245,0.5722716894977169,0.1591813437703849,0.07180365296803652,0.04941291585127201,0.9675472928897586,2017.9140574037833,6.520874103065884,15.621004566210045,3.0472928897586433
std,649.447715459347,6.898558842438395,11.883458770970346,20.377143644801283,1.025751898090855,612.0607757988172,12.979545587208559,0.8676889831520814,1.199336050917938,0.42690750353117934,0.2167462591920951,0.17721357269757987,0.2803021215869591,3.4532157133334684,8.737637440580778,2.002456697893899
min,0.0,0.0,-17.5,0.0,0.0,27.0,-30.6,0.0,0.0,0.0,0.0,0.0,2017.0,1.0,1.0,0.0
25%,193.0,6.0,3.5,43.0,1.0,923.75,-4.5,0.0,0.0,0.0,0.0,1.0,2018.0,4.0,8.0,1.0
50%,508.5,12.0,13.8,57.0,1.5,1693.0,5.3,0.01,0.0,0.0,0.0,1.0,2018.0,7.0,16.0,3.0
75%,1062.25,17.0,22.4,74.0,2.3,2000.0,14.7,0.95,0.0,0.0,0.0,1.0,2018.0,10.0,23.0,5.0
max,3556.0,23.0,39.4,98.0,7.3,2000.0,27.2,3.52,35.0,8.8,1.0,1.0,2018.0,12.0,31.0,6.0
